user_id,email,age
c6ae338a-9f95-481c-a88d-24a58bc8fc71,hi_1@example.com,68.0
5346f1dc-30f7-4e3a-9d35-eec6cb8835fa,hi_2@myemail.com,64.0
5541289d-fa9f-4aef-9504-1e11d940efc5,hello_3@example.com,40.0
f8461502-54b8-4388-ae0d-9095cfc0426f,hi4@myemail.com,33.0
9e4781d1-111b-4318-907f-63c58da6cd89,user_5@myemail.com,48.0
c7612504-ff78-4b95-aa89-a7f28b7a77b2,hi_6@myemail.com,28.0
4e2986dc-4f81-484e-8865-03513b668365,contact7@example.com,33.0
8058e377-a41f-4138-afd5-3b39bbf750e2,contact_8@myemail.com,
28c35ac0-7140-4a88-8e8c-fdd807bc1259,hello9@example.com,21.0
7a9e935e-1f5f-4429-8e20-1e1a001a7986,user_10@email.com,57.0
65137077-def6-43f0-b682-ca9373f82852,hello11@email.com,21.0
63596eef-16a1-4768-81ef-8c269270df2b,hello_12@example.com,42.0
d21f0dc8-4e0a-4bc8-a4e7-787e84e1e211,user13@email.com,20.0
ec16043d-b3df-44d6-b2bb-79043266b340,hello14@example.com,49.0
77c3c726-12a0-4cf8-8960-b7a00c361111,contact_15@example.com,20.0
9784a5c9-6b9b-47a0-912a-31832133b290,user16@myemail.com,44.0
9a7cb47b-3798-4ed4-8953-9f8c638c22a7,contact17@myemail.com,46.0
d72f2c55-9c5f-418c-b50c-7a8004eabcb8,user_18@myemail.com,49.0
7de5f0f1-009d-43e8-9942-800338a9e8c0,hello19@email.com,67.0
212769c7-78fd-4a00-8995-5c8e16cc7855,hi_20@email.com,68.0
6e8df1fe-f5a4-44bd-803f-7a85b84d961b,contact21@myemail.com,
f72ddd39-5830-4150-a922-7c61f8d8109a,contact_22@example.com,38.0
52246fa0-8fa6-4570-acbd-cae441dbcf0d,contact23@example.com,22.0
6bdf67bb-1299-4fe1-a074-afb73055a472,contact24@myemail.com,
b684e232-502b-448c-ad80-b5fce62eed0e,hi25@example.com,45.0
73fe0678-0de6-4cd7-901a-8494a53a88f9,hi_26@email.com,59.0
921adc07-487f-4a6a-8c98-9545d1f69ebb,contact_27@example.com,39.0
a9a3459f-99dc-483b-b1d9-2d5f7ce234fb,contact_28@email.com,38.0
36b78f1c-a60b-4333-9b8a-9f3dcfa0d8e5,user_29@email.com,23.0
19b24c8f-49c0-442c-86f7-8bdded259548,user30@email.com,18.0
f8a2f386-1bdc-4183-82f3-4c6fe814589e,hi31@email.com,22.0
7d1f259f-544d-4031-901e-8ced34c57b43,contact_32@myemail.com,58.0
dea88506-b892-4c98-b3c6-1340aed9ff7f,contact_33@myemail.com,29.0
04a64427-64fa-42b5-a830-2800008b4504,contact_34@example.com,43.0
e6f4a3e6-b5e5-4d57-8948-1a660463e38d,hello_35@myemail.com,63.0
417455de-258c-46ff-9d22-8e5f6a18ea1c,contact36@email.com,51.0
0edf38f1-cd28-4bfc-b188-bec21df7b2e9,user37@email.com,66.0
88630a30-9fd6-4673-a4d3-94e49d0df878,hello_38@email.com,31.0
698a9378-d939-4ce2-b18e-955c6ab40536,hello39@email.com,43.0
4a2d5d57-f989-4f43-a92b-5a27c11dc508,hello40@email.com,62.0
af561365-7bc7-4a6f-8e72-62701c8badad,contact_41@email.com,44.0
c265f82d-9b92-461e-9123-81d8a0740171,hi42@myemail.com,26.0
26b710d2-7682-4baa-a935-803dd7857f65,user_43@email.com,
7adfd8cf-547d-4924-9ec1-41974b6a27ff,contact_44@email.com,64.0
a89c9636-6e24-40f1-a2eb-c9bcec783f0f,user_45@email.com,39.0
bf844f76-55ac-487b-972b-9b767c93c2a5,contact_46@email.com,64.0
d6918999-fdc8-45e1-b2a7-0f0f1279c69a,hi_47@myemail.com,47.0
70e4298d-0726-4437-bde2-4be315ccb746,hello_48@email.com,60.0
134eb251-4b45-43c4-8bbf-1687a32d4dcb,hi_49@example.com,65.0
8b390071-5912-470e-b9f1-55797c35346e,hello50@example.com,34.0
67e84be2-6222-4007-8894-1aa3b185aed4,hello_51@example.com,
59d3b4eb-5ad8-4d95-a4b2-9c4dfb9d3e9c,user_52@myemail.com,53.0
d7b0d4de-9c99-4507-9740-0030e7a4e4b2,hi53@email.com,18.0
b78d6213-4c6e-4228-9ae0-5397d610d940,user54@example.com,25.0
40067f1c-47d0-4f6f-8ded-8a327777cd53,user55@example.com,66.0
b39bda87-6b00-4862-bbc2-f4a015e429e5,hi_56@example.com,52.0
85491b84-480b-4074-9de0-9e7d1d0a93c0,user57@example.com,69.0
7b0feee9-28b9-48ac-83e8-dd47af086edb,hi_58@example.com,32.0
bb180aad-796b-44f5-a73a-d6a4bc078f12,hello_59@example.com,64.0
92f919d2-71d1-4d1f-9c51-55a98635169f,contact_60@myemail.com,39.0
7fa663f1-52f5-46ce-a057-c793a34a743f,contact61@myemail.com,31.0
7faf5558-ba72-45eb-8232-7ade9eee385c,user62@myemail.com,43.0
04510a2f-1362-4ea4-b4fe-400a2efdc8bd,contact63@example.com,45.0
36cc1439-74af-4d33-bdfe-e713bac7fa89,contact64@example.com,40.0
005dd64e-3863-49f3-93b0-1aea9a84d526,user_65@myemail.com,31.0
5e5f2e64-4b23-49f4-b639-db17155546f8,user_66@example.com,41.0
a22bac7b-4364-4108-bedb-c80a9f86c21b,contact_67@myemail.com,19.0
d33750bc-35ae-421b-b680-7b21337f3bfe,user68@email.com,62.0
7cddb4ce-961c-4b04-9c3a-014facd2c65b,user69@myemail.com,43.0
e9fa7e58-e673-42fd-914b-aa4fbf05e294,hi_70@email.com,31.0
c6dabe5d-c8f9-428c-88f5-069037fe6600,hello_71@example.com,68.0
5b34b1f2-4aad-410e-9e70-cd0e42a3783e,contact72@email.com,24.0
45c0000a-dada-457d-a5d8-849db6990b26,contact73@myemail.com,20.0
f246b285-2b6f-432f-bc27-7a11b6c33598,user74@myemail.com,64.0
099af581-4359-4ba4-97e9-fa1085ec64b8,hi75@myemail.com,40.0
17712f2e-f8d8-4af4-9bbc-15dccb533b00,hello76@myemail.com,63.0
876e8d26-8d8a-49ad-b199-231d8bbf82ff,user77@example.com,60.0
a4c08982-b421-4536-880f-75bdd8979de6,user_78@myemail.com,64.0
2f3526db-cc68-44ce-96e4-f31e79bc69d4,hi_79@email.com,62.0
6cbab426-fb60-48bc-b8c4-260f701e008f,hi_80@myemail.com,35.0
e210d58d-b466-4d09-a8ae-95493dd1c5ae,user81@myemail.com,55.0
68ab927a-1a22-493b-9020-96780e5cf4b1,hi_82@email.com,52.0
66a17ba3-37a4-4424-b7c4-d809f90c7fa4,user_83@example.com,
66c5000f-15fa-4eb5-8987-5b2bbda28789,contact84@myemail.com,32.0
d6d123aa-38b6-403d-af0e-b3cf716bc7ff,hello_85@myemail.com,42.0
7076f478-50d0-422a-a2c8-dc2d5785a56b,user86@example.com,54.0
08c635b9-813c-4443-b0cf-df8dd4f84c34,hello_87@email.com,45.0
b320598a-a65d-4790-a067-2e43c4685193,hi88@myemail.com,27.0
c7aba1fb-1abd-4744-a3bb-f5f4393deb6d,hi_89@example.com,56.0
b87ef36d-f50b-468a-bcae-829df64d319b,hi_90@myemail.com,34.0
08c07877-96fd-4d09-a3f3-08e851d20b43,hi91@example.com,56.0
796f7568-868f-4423-8d46-be4d07df9701,hello_92@myemail.com,39.0
5001f120-f5dc-4f6c-b15f-9d491e094e3f,contact93@myemail.com,43.0
05cd7ca6-434a-4e7e-b9bb-b46630292995,hello94@email.com,
2fbfadfe-308e-447a-a57f-cf5fb8906539,user_95@example.com,
8847bfd5-7785-4ded-9adb-8d19af4dade2,hello96@example.com,34.0
bb412365-9a4d-4ab1-8f27-6d833f66fff6,hi97@email.com,30.0
85cfe587-a90b-4e29-ba61-76f7ba1d48bd,contact_98@email.com,37.0
8095d762-fc56-42fc-84d5-79af8b6dc5cf,hello99@myemail.com,42.0
1860823a-3385-4b1d-b2fb-399093811b8d,hello_100@email.com,21.0
1abeb80c-f87d-4d59-a4b8-fc141a673c0b,hi_101@example.com,27.0
696210c2-9afc-4ea4-b272-9ade6faebb2c,hi_102@email.com,20.0
3abd659a-23b3-441a-ae98-f8caff62b5ae,user103@example.com,58.0
5f6f58e5-581b-43dd-9f7c-c4e6537a4eaf,user104@myemail.com,62.0
22d34f54-f68f-4cfd-b4b6-daf11c6329de,hello105@example.com,35.0
b8afdb82-4873-4845-8850-31e7f4b1a283,contact_106@example.com,64.0
5f565e29-a773-47cb-82aa-c0931b4d694d,user107@myemail.com,53.0
ed42f77c-7f99-41fd-ac00-63e8e518ec01,hi_108@email.com,64.0
94af5faf-a32d-42f1-af4e-47b74d992108,hello_109@myemail.com,39.0
4e6db808-94c7-4363-b01c-ae7bd6cdc42c,user110@email.com,51.0
291def00-1c63-4a0f-9e65-ef4cc691ff6a,hi111@example.com,64.0
587762d4-7be7-4894-8fa3-0c33e6676881,contact112@email.com,25.0
5ecf0290-257c-4683-b27c-24b49b3ffc24,contact_113@myemail.com,57.0
7e4de38b-b75d-43cf-802a-124fe947d519,contact114@email.com,66.0
98ae494a-ac51-47c1-8994-60c2aa55f75e,hello_115@example.com,61.0
2002b317-50c1-474b-ac3f-5d0682ae2217,contact_116@example.com,
4c2b3b84-67d9-4c58-aa03-c47a1e9ede03,hello117@example.com,59.0
d0fba472-8182-4482-b83c-de937d847b67,user_118@email.com,58.0
b653cfeb-c8f4-4608-a356-bf401aeb87fb,hi_119@email.com,54.0
7e64bd56-ea40-4f6e-a241-022a30a5f4ab,contact120@example.com,23.0
544b29b6-d92e-4777-a76d-5fa14be6ad35,hi121@example.com,69.0
7dce87b8-613e-48a9-b946-a145eaaf50fa,hello_122@example.com,43.0
0f46ea22-7117-4083-8a14-39e38ba7bb8a,contact123@example.com,51.0
64f4ff48-bec1-4aa9-b35a-cdd30d1489d5,user_124@email.com,62.0
1179b9ca-efba-4a4e-b7a9-cae3ca23eb14,contact_125@email.com,23.0
97bbfd14-d018-4229-b088-9ce7bb697ebd,hi_126@example.com,
8d4f8bd5-13b8-4344-a01c-d1317acd118a,hello_127@example.com,50.0
7e535de7-e843-4ec8-a3d8-13659387861d,user128@myemail.com,39.0
523b57b5-a29f-4ab4-9109-f17ee4e446db,hello129@email.com,38.0
383d60c4-a189-4a7f-bd42-67331c991fad,hi130@email.com,23.0
a675f45b-4a4d-483e-8c9c-99bdad00f13f,hello_131@email.com,23.0
9fbc9ad5-5c0c-480e-b445-3b9c69752163,hello_132@myemail.com,65.0
7f6d7c59-6b35-41a5-9c42-838d220bce13,contact_133@myemail.com,21.0
6a135c97-1d81-42b4-ad2d-1b23d09e9762,contact134@myemail.com,47.0
ab62756b-c6ec-41ea-81db-271395a4ea02,user135@myemail.com,
6c6bd725-d158-47a6-8f55-d8f8f9bf2fdd,hello136@example.com,47.0
7c947a66-5c30-4828-b2a4-40fe77a88893,contact_137@email.com,48.0
6a201510-8656-4c29-adea-5617570daa8d,hello138@email.com,41.0
18fd91a6-66e8-4fdc-93c9-34b97e44232c,contact139@myemail.com,26.0
eabb62b4-87b7-4e98-9181-3e11d31437b2,hello_140@example.com,20.0
04e26f96-90bc-4248-941f-c4e48b262367,user141@myemail.com,68.0
0ea1952d-fa9c-4121-b7bd-a7c366838888,hello142@example.com,48.0
26442c58-dc39-4d30-a2a0-edf58e72f540,contact143@myemail.com,57.0
626de8cb-4ac3-4d39-820c-3d1d41e4e7c0,contact_144@myemail.com,54.0
1783fa4b-985e-49b6-be0c-a6f25c3a16bc,user_145@myemail.com,53.0
40c9f075-8496-48cb-b8a9-b22d9cffcdca,hi_146@myemail.com,41.0
26f40bed-a2b6-4587-832d-cd667f586244,contact_147@myemail.com,48.0
17dbb3c0-6003-4469-9246-5dff1d295c27,contact_148@example.com,23.0
cad44536-26e0-471e-babd-358f73102e50,user149@myemail.com,19.0
bd83a6d3-dfc2-4ce8-ae42-7c2712482feb,user_150@example.com,37.0
5da09fc6-b412-42ea-adf8-7d3cc84ec5c4,contact151@example.com,45.0
d32c47f1-95a2-4b5d-bb35-0d467012da57,user152@email.com,28.0
fe7065d4-cf10-4654-a830-331ee6d1a429,hi_153@myemail.com,21.0
4c2f7ed4-d3dc-46a3-ac7a-198ad72c03ea,hello154@email.com,32.0
8bf649eb-c47f-4e83-84e0-bbad4fe33109,contact155@myemail.com,
43b449dc-5c13-409e-9aa3-a812a139f0cc,contact_156@email.com,66.0
62d56e59-ed76-43c1-9c0b-82426d8dc5ae,hello_157@example.com,
216682dc-098c-42e6-9b28-f476f04dc001,contact_158@example.com,55.0
ada2c78f-ecae-45ac-b815-8573356c892a,user_159@example.com,68.0
c0d1270a-492f-4f6c-8b51-37f36331066a,hello_160@email.com,19.0
89b60dd5-824a-4e9d-9c51-57382f8e2ede,contact_161@example.com,32.0
f7ae617c-3b8f-4882-8371-a31e0e47802b,hi162@myemail.com,
4bf08954-0e70-4fe6-93c1-5ebfdd22d3a7,hi_163@example.com,25.0
097d5545-262f-4234-9f68-84b42e19d739,user164@myemail.com,43.0
d5f868fd-2f02-419c-b99a-43120219f94d,contact165@myemail.com,68.0
e8a63fde-85fb-4976-bfec-80b2b3e1b438,contact_166@email.com,62.0
e81ccc4b-57aa-4cb4-8aba-d7720002bdea,hello_167@example.com,61.0
c358be6b-b3d8-4f7d-9959-f7eaf0007dbf,hello_168@myemail.com,22.0
8080ea26-5855-4817-86b3-f1084da6e175,user169@email.com,23.0
0b71eda4-10b1-46b4-8d23-44bda54a285d,hello_170@email.com,43.0
88192e4c-2425-46de-808b-de4506729965,contact171@email.com,21.0
d5947745-7b46-4472-9910-f58c289bc373,user172@myemail.com,36.0
936aea42-feee-4733-81d1-6f2caefa50fd,user173@example.com,37.0
728c2ee3-e91d-4c41-8ec6-2008ab510e55,user_174@email.com,
87b708ae-346d-42c4-99f4-41d32d76449c,user_175@email.com,37.0
82e77492-521c-448c-b8c2-eba971208fc0,hello176@myemail.com,66.0
76edb6cc-4f80-4f81-adae-1e68ae2644d7,hello_177@example.com,29.0
57244302-ebc5-44b1-a064-bd0fead00ea4,user178@example.com,64.0
2d6efc73-a6eb-4c93-9613-4fbdb7376d5a,contact_179@example.com,
90b75161-5912-43d5-9acb-182e3b854c2e,hello180@example.com,43.0
fa9f9009-0702-4592-95cc-8e890f23ae7e,hello_181@myemail.com,31.0
9faee5b9-37e1-44c1-8c26-57a489d9122f,contact182@example.com,55.0
e5aad26d-d70b-4a27-bdb1-335441b32ee5,hello_183@example.com,54.0
2bd79ba1-9ba8-4cd8-9f8b-fb3ec508857a,hello_184@myemail.com,28.0
d9f91a8b-ab25-4f58-bbf8-761dd3cba7bb,contact185@email.com,53.0
6d69b845-afbe-4761-860f-af13c9814de3,hi_186@email.com,30.0
43823740-77e7-436f-82a8-904ec65dc099,hello187@email.com,60.0
33e4bf97-957c-43e7-a22f-12dd3072d4cb,hello188@email.com,20.0
ebbe2cd7-e853-4743-98df-1a26e9de8dd7,hi189@myemail.com,50.0
c0b39e96-66f3-4399-8beb-a3d4744b7373,hello190@myemail.com,23.0
7c43ab4a-1576-46fb-a834-f37d2d3b1339,contact191@email.com,67.0
6a3ba0f3-b88d-4407-90db-7205890b0fdf,hi192@email.com,
7792813a-181a-4663-ad65-3ac3cf45505c,user193@myemail.com,22.0
fea88af8-f0e5-4775-bf85-ee4863adc06d,hello_194@example.com,40.0
808e26bd-8f1d-4b27-a198-5ae07455d5c7,hi195@example.com,27.0
0771337b-9e8b-47cf-9752-d5722d5d7f98,hello_196@myemail.com,61.0
b4931fdc-4e9d-4eaa-832c-41e3b7669efd,contact_197@myemail.com,19.0
6f7eb45a-8d9b-40fb-b297-bdbde25524c6,hello_198@example.com,30.0
0d2a9894-4696-4027-bf63-5d61a0b88fd6,hello_199@example.com,57.0
a9c9e98c-9f48-46aa-97ef-9b5e4826fa41,contact_200@email.com,19.0
a8cdfbac-aa55-468e-9f68-283222d76a43,hi201@email.com,37.0
d67dce3c-183f-4b0b-ae66-162287506f03,hi202@email.com,18.0
0bf9853a-ebad-4f48-aee5-0bb897486ed5,contact203@example.com,54.0
830772cb-801d-4d4d-9c56-0ecf3f8eb82a,hi204@example.com,
1b8a34ab-4055-4f33-9338-b5d0a5ebbfeb,user205@email.com,
f6bb9a39-841e-4ce3-8c3a-b0647dd4e06d,hi206@myemail.com,26.0
7eaab99c-dbf7-4dc3-b230-4e024836b32f,contact207@example.com,28.0
e05d1532-b561-4591-8add-0fe5d10fd329,contact_208@myemail.com,32.0
568e9c51-c897-4ee9-9c1a-fc91f96dd665,hi209@example.com,41.0
02b48e6f-928c-4583-a171-1463de9d3e98,hello_210@myemail.com,55.0
ab2ae776-850a-402c-8d7f-72c9da802d1a,user211@myemail.com,52.0
95ce6dfd-f146-491e-b3f1-feaf9e2e727f,hello_212@email.com,47.0
e7fd5875-e8c1-4a51-9840-283dbb4ddd96,user213@email.com,48.0
0c88896c-1a2f-4a41-b5a2-256c9b0c755c,hi_214@email.com,66.0
cd1e45d0-2c11-443e-9618-dc2482f979e8,user_215@myemail.com,22.0
37510e73-3452-4e82-a0a2-9208a7640300,hello_216@email.com,61.0
6f7b3c70-dd1a-4f0b-9c88-29404b2892b6,hello_217@email.com,67.0
294364e6-0caf-4e3c-8214-f1ff2e6d2307,hello_218@myemail.com,31.0
fa46717b-f489-45bf-9e25-952623c1aa66,hello219@myemail.com,28.0
c4399666-a325-4436-bd02-5207388756ea,user_220@myemail.com,26.0
5ace7916-e021-468e-952e-b8b0dc0b9002,contact221@email.com,51.0
1f28dc97-8504-433b-a472-e2004c6c7ba2,user_222@email.com,29.0
ecf0bc77-c6c6-44d1-a043-7164fb80ea52,user223@example.com,52.0
3c43958e-dd5b-47ee-84c7-78abfc464be2,user224@myemail.com,52.0
d149975a-ae0d-4794-8a5b-71ecc8f8a7e4,hello225@myemail.com,
cf010216-e072-4452-8e83-dbfa46bec663,hi226@email.com,57.0
8399561e-e0c2-4d4a-9858-9bab3d582ee1,hi_227@email.com,39.0
67c46eb0-3a9e-40b8-938f-fe0f310755b4,contact228@email.com,46.0
f49702e2-5d67-4766-a1bf-d0fc50feba0f,user229@example.com,25.0
320a5ae2-0982-4bea-8352-6f78cd989607,contact_230@email.com,28.0
491da999-daad-4c8d-82a6-093e5d9657e5,hi_231@example.com,
880994c5-a401-482c-bf96-13ce9f3ee5b8,contact_232@example.com,54.0
1e683538-3049-41b0-87ad-27f52c507f80,contact_233@example.com,31.0
a053f78f-7ba6-4919-919e-a6003ceab383,hello_234@email.com,47.0
be51fb50-6954-4d45-bcaa-21a236d3a767,hello_235@email.com,52.0
43f258b3-b367-492e-9c8d-d4fb967de422,contact_236@myemail.com,38.0
bc67eff8-89ba-474b-9a7e-753faadfaa4b,hi_237@myemail.com,54.0
862ef18d-4f72-4351-95dc-cada065629f7,contact_238@email.com,22.0
9e0cba57-a7f4-429f-98f4-de9489a9bc63,user_239@myemail.com,36.0
a701d366-c703-48ee-a446-bc185d7dfdee,hi_240@email.com,31.0
5b2f933f-6085-4763-ad18-9fe9af0bbefd,contact241@example.com,
1e110fb1-6817-49f3-a713-450efa33e7c7,user_242@myemail.com,21.0
812fe9cc-53a4-4a2f-92d7-d993fe28d09b,hello243@example.com,42.0
ae71be79-5ff2-486e-9add-bfebe39bcfa6,hello244@email.com,62.0
745bdec9-c14e-498a-8785-3fcd9a01dc64,user_245@email.com,59.0
de53eb55-020d-4f56-a6e6-2a01de59c9ed,user246@email.com,42.0
1df512b8-427a-49f2-8bd3-04fd3fe46d6e,hello247@myemail.com,35.0
7f8512e8-2647-49e3-8cf4-fa53b3f191bc,hello248@myemail.com,
8db966bd-78c8-484b-9d8c-e8bd9f69907d,contact_249@example.com,25.0
ecb98c38-3de6-495e-819e-c6e8bbdcd4eb,user250@example.com,56.0
f5d8900e-2e1d-4bf4-a0f3-2306c7f7becc,contact_251@example.com,57.0
e3b9ffe2-bea7-4ac0-8485-2fa512603f92,hi_252@email.com,31.0
77feb33d-b67f-46c6-943d-b808bb5d6a4d,hi253@email.com,49.0
bed4caad-c750-4e8f-b934-364a337bc1d5,hi_254@myemail.com,68.0
ae5d84d8-de18-437f-8b95-41839bf5919e,hi_255@example.com,55.0
bb8989f9-dc1d-4425-8b94-9e1e05864744,user_256@email.com,50.0
bcc3ea55-e8aa-4778-bdd4-f88d026ac62d,hello257@myemail.com,40.0
7f988042-01e7-4e49-ad1a-aebae9647687,user258@myemail.com,32.0
52f6e1bb-2df0-40c5-8639-5e60604a9f5d,contact259@email.com,50.0
a00abba5-98cc-4c68-8c7a-ba8ae4a48d02,hi_260@email.com,42.0
c20f36a7-caa8-4d3f-8460-db8f7a6c8a27,hi261@email.com,34.0
31d4a4d6-207f-411b-ae5f-69efa032f162,hi262@email.com,50.0
96ef5f28-08b1-438d-9728-edd7292441b0,hi_263@myemail.com,64.0
5adf28bb-f99c-40d8-80dd-ed2552fee4a1,user264@example.com,19.0
3e5de071-f46b-4714-935a-7185b591c24b,user265@email.com,
dafabefb-8c13-4c32-acea-008fcf3118f1,user_266@example.com,57.0
37956fa0-2904-466b-85b5-a2d601e72d95,hi_267@email.com,57.0
0918f161-a258-4126-9e38-1f01f07075d1,hello_268@email.com,68.0
8423c482-296e-48e5-b0da-bba6300f05c9,hello269@example.com,56.0
33477ead-7ea0-4cfb-ab63-a8212e3ae01a,hello_270@example.com,68.0
eb8200c1-6315-4dbd-ab61-dfd255dc516c,hi271@example.com,23.0
a316753b-8203-499c-8091-2e7083a8ac27,hello_272@example.com,
22bf4d08-2ab0-40e4-bef2-ef8d1b8213a0,hi_273@myemail.com,20.0
74787d34-143b-46e7-bd2d-c970394a9ff0,hi274@email.com,24.0
739a0e56-2f46-46bc-980c-c3ebc2f6e2ab,hi275@myemail.com,68.0
6e140e4c-c410-48de-952b-c0d9def4d44a,contact276@email.com,25.0
04c0acf2-252a-44ba-8946-802a86fb0bcb,hello_277@myemail.com,59.0
8723ad30-09ce-4c86-9496-295a882596e5,hi278@email.com,69.0
cfc4d277-2d97-4c0a-88e7-21b4c94be106,user279@example.com,
605e0e0f-d209-44da-a648-30168dab4fb0,hello280@example.com,64.0
fb769139-a0c9-4cb7-b757-2eec5bafcdcf,hi_281@example.com,46.0
c7c65f88-f8ad-4e62-a675-47e2ebf4920a,hello282@email.com,50.0
9938439a-2f1e-40b5-b0e7-d69ec9ed2255,hello283@example.com,
1189fdf5-46a2-46d5-8cea-32effd0c1feb,contact_284@email.com,
5e611be5-5005-429f-83cc-4148661c65ee,user_285@example.com,56.0
db4fbd0a-0c54-431a-8e94-fda4e6ae210f,hi_286@example.com,44.0
d4ad3ccf-2cac-4fc9-a9dc-219e4ef7c5c8,hello287@email.com,53.0
3da3c0e5-2401-45be-b1ac-a7afab8247e8,hi288@myemail.com,46.0
58d515e0-32e8-4dbb-b729-abb1906bffb5,user_289@email.com,55.0
a4527ec5-e18a-4f67-90b4-55b7ed529c4f,hello290@example.com,50.0
19444537-2ecf-4b0e-9aab-f6d8fe582c86,contact_291@email.com,54.0
9cc5ed2e-edd7-47bc-ac1a-d5c68df140ce,contact_292@myemail.com,44.0
81ee2107-6270-4e0c-a87e-dbd47084a3cf,user_293@email.com,50.0
689636e7-84a3-47bd-9510-942bffe94f69,contact294@email.com,21.0
487f7418-6b3c-47c7-956f-754966f9848e,hello_295@example.com,39.0
71dfff81-25fc-495e-ac5c-1d0810c9fc23,hello_296@example.com,19.0
bbbb0a39-ceb4-46af-8fd7-6060bacad1a7,hi297@myemail.com,27.0
3bbc959d-df8c-4a99-b2a9-697b8774f3b2,user_298@example.com,22.0
ff0e1eb5-1deb-4ddc-9ce9-548706be6bef,contact_299@myemail.com,27.0
6139ce10-a540-4883-b555-d5e1aadacc7a,contact_300@email.com,50.0
19aeff5e-e6f8-4853-8d14-a164fb30ba0f,contact301@example.com,55.0
414b7f0f-8bd7-43b8-95e5-010be7cbdf90,user302@example.com,30.0
6994134c-d37d-4615-b931-cbf6f3d90178,contact303@myemail.com,48.0
dc4bab85-514d-4019-809e-347494eaf7a2,hi304@myemail.com,64.0
91a4044f-8baf-402c-a604-a00f0d3dca05,user305@example.com,53.0
f1cf2ed3-2efc-415d-8aa5-d7c81e9f4c3b,hello_306@email.com,62.0
c69aa04b-dcde-42fb-945e-8867ecbcc5da,contact307@example.com,41.0
aee3fb97-5970-406d-8804-669716bff9bb,hi308@myemail.com,69.0
16363473-4700-487e-b7c1-da615f632147,hello309@email.com,32.0
e4635e56-05fe-4153-a84d-2fd3aafcbd71,hi310@myemail.com,46.0
3c46c608-fd61-4f34-9db3-d0c472bef648,user_311@myemail.com,25.0
61ef9427-2c28-4d10-9a2f-77deffd2cef8,hi_312@example.com,22.0
817b3f5e-9a6d-49a3-8e6c-234812545cb0,user_313@example.com,46.0
30fa4b4d-b7d4-4cfd-8cea-2b306547d693,user_314@email.com,64.0
62cb36a5-8732-4090-b552-8c6de8f054f3,user_315@email.com,
d8f33e0b-8465-4b93-a6cc-034a364ca253,user_316@myemail.com,29.0
224b198d-7782-44ce-8527-69ad2ba75d08,user317@myemail.com,62.0
8b46db91-0b7a-4e0c-9de8-ba16a32f82f7,contact_318@email.com,19.0
734dc2a9-a609-420c-8cc1-78f7c6586f1c,hi319@email.com,44.0
1dfee034-dc12-4199-b885-4293b422fcb9,hi320@myemail.com,48.0
6b12e3c3-1e82-4d5a-adc9-40ce3a376b09,hi321@example.com,68.0
c0b47e28-c774-41ab-a692-f5fd53fbbdfd,hi322@example.com,68.0
ffaccfef-220a-4976-96f7-22e4f2fc3ecc,user323@email.com,53.0
55f9aa36-7ee3-4800-857e-b81861674330,hi324@example.com,53.0
17d9d839-3eb9-4424-9550-df039eb6fbc5,hello_325@myemail.com,
2a287404-2372-476d-a73a-ad779d7b8b1e,user326@myemail.com,60.0
c7b001b2-50bb-4425-8781-e6285857a923,hello_327@email.com,
6de54790-026d-4fb1-b5ff-5a02e50f2d8a,user328@myemail.com,22.0
bf7441a1-bb83-4a2c-9528-aa64591c62d4,hello_329@myemail.com,
640c9fba-b955-41d4-b853-ae61cfc893bd,hello330@example.com,28.0
22f6af0f-09f3-4048-9e7e-37d8bea06c9d,contact_331@example.com,27.0
ebb43c8c-6ded-4eb6-8a69-584de89e2d33,hi_332@example.com,57.0
6737b675-0971-4892-a1b1-0b29ae6ec676,hi_333@example.com,55.0
b8d10979-076d-450d-ae91-dc68645c00e7,contact334@example.com,23.0
a801a583-4f21-46b7-afeb-5e3d6271e424,hello335@example.com,25.0
0506e2b9-fe57-4148-8aeb-46866f531c6e,user336@email.com,40.0
ba0f7577-95e7-4c27-be47-3b5c19830792,contact_337@example.com,64.0
36952087-63b8-4f19-ba0d-1b7183271d63,hello338@example.com,43.0
9311b53b-0ee1-41ba-a227-ae0051679da2,contact339@myemail.com,63.0
cf17811b-cfa7-4b51-b2f1-503563fa39fb,user340@example.com,60.0
a50e9d79-6bfa-4985-9d8f-9c9ee905b1e4,user341@myemail.com,29.0
f7d8b339-06ee-4881-9d73-d0d69819a856,contact_342@example.com,43.0
67dfc7e0-b8d6-43a3-9703-4699fed829ea,hi_343@email.com,30.0
3e87d5ac-6d96-4640-b5cd-a20f9a2715ac,hi_344@myemail.com,57.0
d3a4e02a-95df-4a85-b3d0-f37823f5e51c,user_345@myemail.com,35.0
fb2ed336-4ca1-4668-bcaa-1cf8e58f9b7c,hello_346@example.com,
653bb30e-5e12-4191-a5f7-16163c10a36d,hi347@myemail.com,50.0
5c884231-5198-400a-803e-2c93b3d4ab6a,contact_348@example.com,64.0
9b25d7cc-91e9-4362-b6b0-62e4cb10091e,contact_349@myemail.com,57.0
f0c4b1c9-6aa1-481f-9456-70705d22b3f0,hi350@example.com,60.0
4835cc58-6e98-472a-8f9d-28dd47fa4879,hi_351@example.com,29.0
319b2ad3-0a7f-46ab-8cf3-c94c0e85bae4,hi_352@example.com,61.0
65dcb543-d399-4e6b-9fc3-b5f980fde639,hi353@email.com,
b087f878-482e-4f22-b214-1b756b492f61,user_354@myemail.com,65.0
7b2c470d-9809-40ec-b95b-b75bc73f7295,hello355@myemail.com,21.0
a49a9985-b1e4-4557-9bc7-9a00ea906ebc,user_356@example.com,22.0
cda3f996-32a0-4ec9-b02a-03e785536118,contact357@myemail.com,54.0
48156d1c-22a4-4172-9181-2cf4b3121095,hi358@myemail.com,25.0
58bfc4d3-0b39-4b17-8b46-ff414e4c4541,contact359@email.com,59.0
5d4f280e-be2b-4fc9-9b4a-91f505404285,hi_360@example.com,
965e4772-7814-4050-b449-57e618422819,user_361@email.com,
8e9f5c8d-8559-424e-9a1f-80db193794ba,contact_362@example.com,48.0
0a3d4cd6-b313-46a6-83de-159f8ed85887,hi363@email.com,26.0
dc6a7453-8aba-48fe-92bb-c8503e2f04b5,hi_364@email.com,68.0
2a339880-09d0-491c-a9e6-e8d45b3f6f19,hi365@email.com,46.0
37ec12e8-1cd4-4563-b8c1-c3912688f506,user366@email.com,
a578bd64-d50b-4890-90ae-d6f4bc746880,contact367@email.com,57.0
52adc96e-97ad-44b0-97e7-61265fc88428,user_368@example.com,58.0
a7bddd91-dbfd-418b-92a3-35879412ee6d,hi369@example.com,
8310983c-e0ee-44e9-8906-49f113876321,hello370@myemail.com,28.0
efbae6e1-4278-42e5-adc3-69f674d8b469,hello_371@example.com,40.0
b15acc32-8091-42cf-943d-1fb1632d29f2,user372@email.com,
e05e4447-63fb-459c-927e-a09b19a8f6e8,contact_373@example.com,63.0
2cc8e24f-9fdc-47a9-8cc7-279ef80a0586,hi_374@myemail.com,54.0
650eafed-f764-47da-bd13-321df7e16daa,user375@example.com,38.0
0f8a38bb-f191-4640-964d-1124d58d2089,contact_376@email.com,43.0
f53dfa61-54ef-4beb-87f4-ada6a75d0aa4,contact_377@myemail.com,63.0
74d44b48-ae65-44bc-a5bc-a832485b6efb,contact378@example.com,53.0
066bef9d-c883-4f5e-804d-a31fba51b5e8,contact_379@email.com,40.0
50019e28-0422-416f-8ce9-4d18738f674b,hi_380@myemail.com,18.0
6df5f983-d69a-490f-a741-6d2851ab2100,user_381@email.com,68.0
50e531da-4662-478f-9ef5-c52cb6ce57ba,contact382@myemail.com,57.0
e074ed34-f43d-41ba-a035-59ff5f39ec57,hello383@myemail.com,32.0
229c1b6b-9c7d-4ea9-b133-2de7c9385aa6,hi384@example.com,38.0
78f214f9-2f71-4613-a410-ca691002031f,user_385@email.com,64.0
73420928-0991-41c2-9e31-930b18b61f95,user_386@example.com,26.0
7eabff59-9204-4938-a2d0-efd17174dbb2,hi_387@example.com,26.0
ace642b1-b8e8-4e71-a34b-d729eb0660cd,hi_388@example.com,27.0
2190270c-793a-4630-8a6f-abe7c448ecc6,contact389@example.com,69.0
016e4095-8b5d-43d9-83fd-e28b38be2f7d,contact_390@email.com,43.0
5a25168e-ce31-474f-a294-d3cbae4ee4a9,user391@myemail.com,58.0
d65b5011-4f13-43bb-b664-444f2bd4aabd,contact_392@example.com,52.0
51eab936-ed1c-4521-8115-7cf602ae5a09,user393@example.com,69.0
a9bf1f72-85e6-4e93-9cda-eb49ebf922e0,hello394@example.com,42.0
4145173d-aa54-4ba7-9a82-937ef4c6f037,hello395@email.com,
a1bd5d15-1409-49ab-81d6-928b250e2541,contact_396@example.com,28.0
9f59e84e-062e-4c5b-a2a0-b3384d00dc74,hello_397@example.com,55.0
19fa1176-bf79-47d3-9438-3b75219d973f,hi398@myemail.com,19.0
277489d0-d1cf-431e-834c-25efaee1a056,hi399@email.com,24.0
dbfa9467-84ad-4807-ad0d-9228bc92330a,hi400@myemail.com,35.0
1e9c58f2-86da-4025-88cb-b4d8dc8c889d,contact_401@example.com,44.0
5118fe9e-c1be-4fcf-9416-58264d3efb79,contact_402@myemail.com,
d9bde714-4a59-4dba-986a-4b6821e8e3a2,contact403@example.com,44.0
a725334e-c79f-41d2-bf4f-71af98a507fc,user_404@myemail.com,34.0
281a73ba-5c9c-463c-bf7f-91d865b4f582,user405@example.com,60.0
b0202e46-d883-4cbe-86ed-797b8170881c,hello406@myemail.com,61.0
251e4e27-b381-4ac1-80e9-6dd8c90e6eb6,hi_407@example.com,68.0
b6f71228-434d-4cc4-8d26-ad1f86a3e041,hi408@email.com,41.0
9eaf28a6-153f-4a25-92bc-74d5d6b37087,hello409@myemail.com,42.0
ce69cb98-fa59-4f0f-ac8a-7c74dc51aeeb,hello_410@myemail.com,24.0
7de1df62-7a6f-44b0-8418-5cf226f3b4f5,user411@myemail.com,69.0
cb3298e3-25cb-4184-b5b1-0c6a6a599bb5,contact_412@email.com,
ae8008e4-024d-4a1d-8492-48b72b2cbf3d,hello_413@email.com,41.0
97599dbf-755e-4295-bcae-bdcb8b97fb8a,contact_414@example.com,50.0
89aa331b-a96a-4007-bae7-ca8b94bdf681,hello_415@email.com,66.0
c013e21f-ce7b-46c6-990f-254b459b8c8a,contact_416@email.com,
afa3f0fe-6cb6-4b26-8c04-4faafae6dc80,hello_417@email.com,60.0
24222f04-1d15-4c45-9511-d4abaf6f398f,contact_418@email.com,39.0
64c9a4bf-00e8-4855-b7a6-bfeb03ee81c9,contact_419@example.com,43.0
e7f1a436-2f0d-43f4-a4e9-37ebb7d271c1,user420@myemail.com,45.0
f2aaf189-c2b3-4801-ae39-630e5a943148,hello421@myemail.com,67.0
5a676865-ed20-4ed9-ae62-c68dd08696ac,user422@example.com,38.0
188e7951-ff83-4500-9c17-85f4d631f5ac,user423@example.com,66.0
5f0e4914-1dcf-44f6-a091-dc5b167dc2f5,contact_424@example.com,24.0
101520fd-0ea5-4b5b-8ec3-c75ce0566261,contact_425@example.com,34.0
fc1fe0c3-021d-4e11-99e0-49ecaab815cf,hi426@email.com,37.0
9199b4d8-8259-4b1f-a60c-139fe9fbabb8,contact427@example.com,58.0
d160044e-14cb-431d-a307-587a5bf9c605,hello428@email.com,66.0
ee2bd377-9fc0-43ab-ab87-2d68da5dc34a,contact429@example.com,37.0
2317c5b3-6e0f-4cae-bd06-f5192c2039b5,hi_430@example.com,39.0
b94671f2-db98-4ee9-81c6-89998ce4efe0,user_431@email.com,45.0
b5a21b94-42a1-466b-ba0b-3d1231d85e27,hello_432@email.com,57.0
f9b10088-001f-413c-9de8-5c2561448b54,user_433@myemail.com,66.0
56803329-0f17-41a2-9391-6e9bb6f366a9,hi434@example.com,24.0
af365a8c-8d2e-4751-bf24-4bf213695744,hi_435@example.com,18.0
e9ca33b8-6dca-4b28-a99c-cffd3db50a55,hello436@example.com,49.0
6110ae8a-b3b8-4001-99fc-35471f847edc,user_437@myemail.com,30.0
45f121b6-9c9c-47eb-bac6-c19d92144d10,user438@myemail.com,47.0
1a46798a-036d-43ab-a1b7-41b139fa8436,hi439@email.com,40.0
119812a6-ff27-4a5c-bf0d-f402e625c6b2,hi_440@example.com,68.0
7fdf275a-57a4-49d4-8734-7241c7124ea8,hello441@myemail.com,36.0
b8cbf762-2997-40f9-9e56-6ab6d1fbfe45,contact442@example.com,49.0
cfc9a50b-7b2a-426d-a51d-c5ca8c06161c,hi443@example.com,47.0
e5e1e617-c439-4004-8787-87c07cd839d6,user_444@example.com,46.0
69e27d33-bbd1-43ed-8672-f8091a4ed809,contact445@myemail.com,66.0
f3ad3e81-f2b0-4050-9d76-8ac97c1ebeff,user446@example.com,62.0
e11f5fc9-2269-4ed5-a018-5febd9f22410,hello_447@myemail.com,46.0
06bfab5b-828b-4c8c-9c22-6972556bbac7,hello448@example.com,47.0
d53d8e97-c95d-4b70-b129-fbafd25f4164,hi449@myemail.com,33.0
03423714-676b-4a38-8c00-6c35f4081ef0,hi450@email.com,57.0
19c0bf5a-d490-48a2-b5ec-a09acf81092f,contact451@example.com,36.0
fb387a0d-a6e2-416f-9503-fbacefe7e5cd,hi_452@example.com,35.0
50808111-0267-4283-8406-2457a6e4cfe3,hi453@example.com,18.0
7c88d2b0-feed-489d-beed-9cc37c195628,user_454@email.com,31.0
30d70a4b-ffe0-41e0-82b9-9230c39335d2,contact455@example.com,
b3af8370-d0a2-41b5-88a6-8be843cb838e,hi456@email.com,64.0
38bbb850-2b41-47a2-b287-833317055c1a,user457@email.com,67.0
45f343d4-4199-41fa-af05-25d59b113a87,user458@myemail.com,19.0
23a38be6-b027-443c-a7d8-742b9036f614,hi459@example.com,45.0
30e51b7b-df93-47c4-bab2-97fc9063b1ed,contact_460@email.com,66.0
4a754ad0-debc-4e59-9208-8f092fb43d88,user461@example.com,
48b7cfa6-0b8b-428c-8d78-8029baa0d5db,hello_462@email.com,
125274d8-966c-477b-b262-0fb342c0fb07,contact_463@myemail.com,55.0
8524d4c4-ffa6-466d-9397-0109c9bf9e17,hello_464@myemail.com,68.0
ccba6993-f7c5-4134-a2bf-b3d34033b929,user_465@email.com,21.0
cdf8991f-a1e2-4061-bd79-7db8ce0fc04d,user_466@email.com,18.0
baf8fbae-25e6-4979-a9dd-d3f862de7896,hello467@myemail.com,
24844cd4-1ff3-4d70-8770-7808de6abe24,contact468@email.com,46.0
0aef388d-af13-476a-b083-cc1b1f8348b2,contact_469@example.com,56.0
9ecdece2-19f1-4de8-adae-03dd0bfeec71,hello470@example.com,20.0
098471cd-95f3-4d7b-bf2f-e83a952aa8c7,hello471@email.com,49.0
f4618b32-cb3e-403f-8620-2d94d92adf8c,contact472@example.com,27.0
1a11e108-ce03-4375-b987-3265aa3c6466,user473@myemail.com,27.0
c9a60b23-17c4-4f8c-bbcc-7fae339201df,hi_474@myemail.com,36.0
656f6136-4fc0-4bbf-b10d-12baf19d8104,hi_475@example.com,63.0
453078b9-06ae-4dbf-9fc1-319bd6dc09b7,hi476@email.com,51.0
7c8d5439-a5a0-4437-be3a-2dea7b5e5450,user_477@myemail.com,50.0
16fb14a3-6e0a-4ec9-ba2a-e72aa03cc620,contact478@myemail.com,
111e39ff-79a2-4146-8887-972d4e87baca,hello479@email.com,
1c9092b0-6f84-45c6-afec-31f9f3180dbd,hello480@email.com,49.0
021fec0e-28e1-4f21-9fa3-c714703f0d7b,user_481@email.com,67.0
6425905f-05a6-4282-bfb6-fa9b8c4e131b,hello482@myemail.com,24.0
1a4a2aa5-cf8b-4db0-995e-74682c05480a,contact483@myemail.com,46.0
ac0da17f-59c6-41ac-84f1-be41cc9104ea,hi_484@email.com,25.0
61fe0cc1-91a7-4ad2-b286-1b6892105d11,contact_485@example.com,18.0
e9ffa668-e0dd-4c5f-b4e2-4f5750437dfb,hello486@example.com,20.0
2f65ecfa-e6a4-4762-9e5d-d17583f278b2,hello_487@myemail.com,41.0
69a601cd-41f8-4a40-8161-0130c7bfbe20,contact_488@email.com,40.0
e0a5f7e4-e010-4da3-85d5-e5b39f3ee4b9,hi_489@email.com,25.0
6a790eb5-1a7c-4419-abf2-185201268797,contact490@example.com,64.0
0cf6c28a-717b-45a1-bc7a-31acf80528c6,hi491@example.com,54.0
68a8e104-89f9-4080-bcf5-59bc924a0613,contact_492@email.com,20.0
4cccc66c-12b7-4637-acdf-b80ef6960386,hello_493@example.com,
c06163b1-8e7a-4efa-9056-4feea97f4b9a,user_494@example.com,50.0
758db2f6-23bc-45d9-9a47-be4029d3e15b,contact_495@example.com,45.0
e6103755-b4f2-4076-9eb6-bfb0a4058f50,user_496@email.com,64.0
b01d071a-0e92-42c5-80da-17f928a5b416,hi497@email.com,25.0
6ed7cb8d-c5f7-4d2b-b035-8cdf215befff,hi498@email.com,51.0
9c083dc3-b789-4cee-87fb-9887ff4b4e29,contact499@myemail.com,52.0
2f2aa322-d2b2-4c88-aeb6-e49e768521f3,hello_500@myemail.com,49.0
